,Node1,Node2,weight
0,DFW,MEM,21.0125786163522
1,DFW,ORD,19.334838224228744
2,DFW,ATL,9.758673862760215
3,DFW,HDN,14.407407407407407
4,DFW,JAC,7.111111111111111
5,DFW,EGE,24.90625
6,DFW,LAX,10.741491085899513
7,DFW,CLE,19.18088737201365
8,DFW,GUC,21.169014084507044
9,DFW,MIA,16.595652173913045
10,DFW,STL,8.677824267782427
11,DFW,IAH,11.975889781859932
12,DFW,IAD,7.883977900552487
13,DFW,DEN,15.734072022160666
14,DFW,OMA,16.13840830449827
15,DFW,PDX,11.654471544715447
16,DFW,LAS,10.466200466200466
17,DFW,ONT,16.95945945945946
18,DFW,MCO,11.966824644549764
19,DFW,SFO,16.947308132875143
20,DFW,HNL,51.416666666666664
21,DFW,OGG,33.21052631578947
22,DFW,RDU,12.222641509433963
23,DFW,BOS,12.968109339407745
24,DFW,DCA,10.494755244755245
25,DFW,JFK,15.357142857142858
26,DFW,PBI,11.46774193548387
27,DFW,LGA,11.973856209150327
28,DFW,RSW,14.576470588235294
29,DFW,AUS,11.700122399020808
30,DFW,CLT,7.50308261405672
31,DFW,SAN,11.663414634146342
32,DFW,SEA,10.84853700516351
33,DFW,SNA,8.66551724137931
34,DFW,SJU,18.082706766917294
35,DFW,MSP,16.078629032258064
36,DFW,BWI,16.461016949152544
37,DFW,MSY,14.348088531187123
38,DFW,FLL,11.67578125
39,DFW,RNO,16.014492753623188
40,DFW,PHL,16.494920174165458
41,DFW,PHX,12.678217821782178
42,DFW,TPA,13.13125
43,DFW,BNA,9.762008733624453
44,DFW,EWR,15.966666666666667
45,DFW,SJC,17.76950354609929
46,DFW,DTW,14.554585152838428
47,DFW,IND,17.022222222222222
48,DFW,TUL,12.299163179916318
49,DFW,BDL,18.17094017094017
50,DFW,CMH,14.551867219917012
51,DFW,MFE,11.503333333333334
52,DFW,COS,29.844827586206897
53,DFW,PIT,11.695454545454545
54,DFW,PSP,12.028409090909092
55,DFW,SMF,18.743362831858406
56,DFW,JAX,18.636752136752136
57,DFW,SAT,11.23469387755102
58,DFW,SLC,13.848837209302326
59,DFW,ELP,18.721739130434784
60,DFW,TUS,10.363636363636363
61,DFW,DSM,17.251748251748253
62,DFW,BHM,22.926136363636363
63,DFW,LIT,15.138211382113822
64,DFW,RIC,11.556451612903226
65,DFW,ABQ,10.154471544715447
66,DFW,DAY,13.183908045977011
67,DFW,MCI,11.917391304347825
68,DFW,FAT,37.17
69,DFW,MKE,11.0
70,DFW,ORF,10.859649122807017
71,DFW,ICT,14.066666666666666
72,DFW,OKC,13.61437908496732
73,DFW,HOU,15.096654275092936
74,DFW,OAK,6.370967741935484
75,DFW,CHS,19.983333333333334
76,DFW,SAV,11.810055865921788
77,DFW,JAN,14.033333333333333
78,DFW,TLH,9.870689655172415
79,DFW,CVG,14.514705882352942
80,DFW,FSD,23.027624309392266
81,DFW,MSN,13.163793103448276
82,DFW,GRR,21.12162162162162
83,DFW,GSO,15.323699421965317
84,DFW,FAR,14.414285714285715
85,DFW,TYS,20.304347826086957
86,DFW,SDF,12.538461538461538
87,DFW,HSV,11.738461538461538
88,DFW,MOB,15.431034482758621
89,DFW,PNS,15.273927392739274
90,DFW,CAE,12.875776397515528
91,DFW,LEX,17.59016393442623
92,DFW,GSP,20.163636363636364
93,DFW,VPS,14.515901060070671
94,DFW,SGF,14.93231441048035
95,DFW,MTJ,26.9
96,DFW,GPT,10.046783625730994
97,DFW,LFT,14.2
98,DFW,SAF,16.25
99,DFW,XNA,15.13189448441247
100,DFW,BTR,15.15184381778742
101,DFW,LBB,22.565022421524663
102,DFW,GJT,10.711864406779661
103,DFW,SHV,19.316666666666666
104,DFW,AMA,17.271523178807946
105,DFW,RAP,14.809917355371901
106,DFW,CRP,17.136363636363637
107,DFW,CRW,37.7962962962963
108,DFW,MLU,13.943396226415095
109,DFW,GRK,10.917757009345795
110,DFW,CHA,10.919642857142858
111,DFW,BRO,13.491017964071856
112,DFW,BMI,16.267241379310345
113,DFW,CID,25.123015873015873
114,DFW,LCH,17.025
115,DFW,AEX,9.777173913043478
116,DFW,MLI,17.658823529411766
117,DFW,CLL,16.427586206896553
118,DFW,LRD,9.154166666666667
119,DFW,TYR,19.120689655172413
120,DFW,MGM,16.676470588235293
121,DFW,PIA,12.860606060606061
122,DFW,FSM,14.120689655172415
123,DFW,GGG,10.509615384615385
124,DFW,MEI,16.511904761904763
125,DFW,PIB,6.863636363636363
126,DFW,LAW,13.663755458515285
127,DFW,EVV,13.716666666666667
128,DFW,MHK,10.723756906077348
129,DFW,BPT,21.972067039106147
130,DFW,ASE,34.88034188034188
131,DFW,CMI,12.774193548387096
132,DFW,GCK,12.891666666666667
133,DFW,FWA,9.305555555555555
134,DFW,BIS,15.262295081967213
135,DFW,COU,8.218487394957982
136,DFW,ACT,13.940140845070422
137,DFW,SPI,15.376811594202898
138,DFW,JLN,11.897435897435898
139,DFW,TXK,11.544910179640718
140,DFW,DRO,19.638461538461538
141,DFW,GRI,13.495652173913044
142,DFW,SPS,11.83248730964467
143,DFW,ROW,21.12883435582822
144,DFW,MAF,18.05684754521964
145,DFW,ABI,12.06858407079646
146,DFW,SJT,9.678445229681978
147,MEM,ORD,19.769607843137255
148,MEM,ATL,5.627737226277373
149,MEM,LAX,2.8793103448275863
150,MEM,MIA,6.145161290322581
151,MEM,IAH,10.003731343283581
152,MEM,IAD,10.5
153,MEM,DEN,20.189655172413794
154,MEM,MCO,5.571428571428571
155,MEM,CLT,4.528409090909091
156,MEM,MSP,3.0588235294117645
157,MEM,BWI,8.790322580645162
158,MEM,TPA,9.225806451612904
159,MEM,EWR,18.779310344827586
160,MEM,DTW,14.0
161,MEM,HOU,6.925233644859813
162,MEM,CVG,0.5833333333333334
163,MEM,MDW,12.91588785046729
164,ORD,ATL,16.13857290589452
165,ORD,HDN,14.833333333333334
166,ORD,JAC,18.228070175438596
167,ORD,EGE,15.0
168,ORD,LAX,14.303685897435898
169,ORD,CLE,20.777911164465785
170,ORD,GUC,36.5
171,ORD,MIA,17.188556566970092
172,ORD,STL,23.049844236760123
173,ORD,IAH,18.696165191740413
174,ORD,IAD,28.220338983050848
175,ORD,DEN,24.02863436123348
176,ORD,OMA,18.565714285714286
177,ORD,PDX,14.764192139737991
178,ORD,LAS,14.54016620498615
179,ORD,MCO,17.8575
180,ORD,SFO,19.92792792792793
181,ORD,HNL,20.183333333333334
182,ORD,OGG,19.944444444444443
183,ORD,RDU,16.511111111111113
184,ORD,BOS,15.755214050493963
185,ORD,DCA,16.0546875
186,ORD,JFK,15.172995780590718
187,ORD,PBI,13.411290322580646
188,ORD,LGA,18.413992297817714
189,ORD,RSW,19.972677595628415
190,ORD,AUS,17.28173374613003
191,ORD,CLT,10.618568232662192
192,ORD,SAN,15.16564417177914
193,ORD,SEA,16.610766045548655
194,ORD,SNA,11.736842105263158
195,ORD,SJU,22.45026178010471
196,ORD,MSP,19.53423236514523
197,ORD,BWI,22.94984326018809
198,ORD,MSY,15.497695852534562
199,ORD,FLL,12.119433198380566
200,ORD,RNO,24.09090909090909
201,ORD,PHL,11.8003300330033
202,ORD,PHX,16.814906832298135
203,ORD,TPA,18.14075630252101
204,ORD,BNA,19.414721723518852
205,ORD,EWR,22.905811623246493
206,ORD,SJC,16.685714285714287
207,ORD,DTW,22.6515609264854
208,ORD,IND,22.370892018779344
209,ORD,TUL,18.065868263473053
210,ORD,BDL,21.91826923076923
211,ORD,CMH,31.252144082332762
212,ORD,COS,36.453125
213,ORD,PIT,24.84259259259259
214,ORD,PSP,6.6716417910447765
215,ORD,SMF,20.929577464788732
216,ORD,JAX,30.48611111111111
217,ORD,SAT,20.614906832298136
218,ORD,SLC,26.084632516703785
219,ORD,ELP,31.375
220,ORD,TUS,12.878504672897197
221,ORD,DSM,21.844974446337307
222,ORD,BHM,13.213333333333333
223,ORD,LIT,25.80921052631579
224,ORD,RIC,24.745928338762216
225,ORD,ABQ,41.283018867924525
226,ORD,DAY,13.805439330543933
227,ORD,MCI,20.252403846153847
228,ORD,MKE,24.042145593869733
229,ORD,ORF,15.95774647887324
230,ORD,ICT,25.911845730027547
231,ORD,OKC,29.013636363636362
232,ORD,STT,15.0
233,ORD,ANC,28.058823529411764
234,ORD,OAK,6.774193548387097
235,ORD,SYR,28.355805243445694
236,ORD,HPN,16.45674740484429
237,ORD,PWM,26.6
238,ORD,BTV,29.477272727272727
239,ORD,ROC,23.538011695906434
240,ORD,CHS,22.016666666666666
241,ORD,BUF,19.964102564102564
242,ORD,SAV,24.363636363636363
243,ORD,SRQ,37.08064516129032
244,ORD,PVD,9.201923076923077
245,ORD,JAN,10.058823529411764
246,ORD,CVG,20.769100169779286
247,ORD,BOI,38.4
248,ORD,FSD,15.896935933147633
249,ORD,MSN,19.493548387096773
250,ORD,GRR,19.526539278131636
251,ORD,DLH,18.95
252,ORD,GSO,13.5
253,ORD,FAR,20.895061728395063
254,ORD,BZN,30.75
255,ORD,ROA,13.35897435897436
256,ORD,MHT,56.26315789473684
257,ORD,TYS,20.38317757009346
258,ORD,AVP,16.134328358208954
259,ORD,SDF,21.70731707317073
260,ORD,FNT,19.00709219858156
261,ORD,HSV,25.859375
262,ORD,MOB,13.735849056603774
263,ORD,PNS,40.1
264,ORD,CAK,11.439490445859873
265,ORD,CAE,15.472727272727273
266,ORD,LEX,16.99622641509434
267,ORD,ALB,27.09917355371901
268,ORD,AVL,27.90909090909091
269,ORD,CHO,34.5462962962963
270,ORD,GSP,8.981481481481481
271,ORD,ATW,14.982608695652173
272,ORD,SGF,22.605714285714285
273,ORD,MDT,19.888111888111887
274,ORD,MTJ,25.096774193548388
275,ORD,GRB,14.603139013452914
276,ORD,XNA,25.08695652173913
277,ORD,RAP,29.8
278,ORD,LAN,16.28125
279,ORD,CRW,19.86764705882353
280,ORD,CWA,22.272727272727273
281,ORD,SBN,19.185185185185187
282,ORD,ERI,13.531531531531531
283,ORD,ELM,13.576576576576576
284,ORD,ABE,10.756756756756756
285,ORD,CHA,25.363636363636363
286,ORD,BMI,19.53061224489796
287,ORD,CID,19.723320158102766
288,ORD,TVC,23.15986394557823
289,ORD,MLI,14.477564102564102
290,ORD,SCE,24.779661016949152
291,ORD,LNK,13.80225988700565
292,ORD,PIA,19.50887573964497
293,ORD,AZO,18.734597156398106
294,ORD,MBS,17.55603448275862
295,ORD,EVV,23.151658767772513
296,ORD,MHK,20.27
297,ORD,ASE,26.72897196261682
298,ORD,CMI,24.401273885350317
299,ORD,DBQ,18.8943661971831
300,ORD,LSE,23.409574468085108
301,ORD,ALO,27.020408163265305
302,ORD,FWA,17.53968253968254
303,ORD,BIS,22.17241379310345
304,ORD,COU,34.84426229508197
305,ORD,SUX,19.666666666666668
306,ORD,SPI,13.164772727272727
307,ORD,TOL,18.926666666666666
308,ORD,RST,24.298076923076923
309,ORD,MQT,27.294117647058822
310,ORD,FCA,15.555555555555555
311,ORD,EAU,26.478991596638654
312,ORD,MKG,18.327102803738317
313,ORD,PAH,15.247863247863247
314,ORD,CMX,13.515151515151516
315,ORD,STC,23.081818181818182
316,ATL,HDN,12.24074074074074
317,ATL,JAC,7.3125
318,ATL,EGE,11.064516129032258
319,ATL,LAX,8.42989417989418
320,ATL,CLE,6.544018058690745
321,ATL,MIA,8.674418604651162
322,ATL,STL,7.137931034482759
323,ATL,IAH,7.667655786350148
324,ATL,IAD,15.203020134228188
325,ATL,DEN,11.424639580602884
326,ATL,OMA,9.30952380952381
327,ATL,PDX,4.431137724550898
328,ATL,LAS,7.206030150753769
329,ATL,ONT,0.8333333333333334
330,ATL,MCO,6.610518834399431
331,ATL,SFO,9.5893536121673
332,ATL,HNL,4.17741935483871
333,ATL,RDU,8.674473067915692
334,ATL,BOS,9.649051490514905
335,ATL,DCA,8.388939256572982
336,ATL,JFK,17.922033898305084
337,ATL,PBI,8.461322081575247
338,ATL,LGA,13.20610119047619
339,ATL,RSW,5.134529147982063
340,ATL,AUS,6.157057654075547
341,ATL,CLT,6.669513236549958
342,ATL,SAN,5.9804469273743015
343,ATL,SEA,7.179144385026738
344,ATL,SNA,9.182857142857143
345,ATL,SJU,7.6895522388059705
346,ATL,MSP,8.757177033492823
347,ATL,BWI,10.196666666666667
348,ATL,MSY,7.48375
349,ATL,FLL,7.701123595505618
350,ATL,STX,6.0
351,ATL,PHL,11.028116213683225
352,ATL,PHX,6.948091603053435
353,ATL,TPA,7.537339055793991
354,ATL,BNA,7.594059405940594
355,ATL,EWR,12.989195678271308
356,ATL,SJC,14.652173913043478
357,ATL,DTW,10.78688524590164
358,ATL,IND,8.004643962848297
359,ATL,TUL,7.89568345323741
360,ATL,BDL,8.44468085106383
361,ATL,CMH,9.383587786259541
362,ATL,COS,35.907407407407405
363,ATL,PIT,8.044802867383513
364,ATL,SMF,6.8522727272727275
365,ATL,JAX,6.732360097323601
366,ATL,SAT,7.203454894433781
367,ATL,SLC,4.409502262443439
368,ATL,ELP,7.530434782608696
369,ATL,TUS,7.429906542056075
370,ATL,DSM,7.666666666666667
371,ATL,BHM,8.616
372,ATL,LIT,4.114197530864198
373,ATL,RIC,10.811290322580644
374,ATL,ABQ,10.485714285714286
375,ATL,DAY,4.345991561181434
376,ATL,MCI,8.173202614379084
377,ATL,MKE,7.61278863232682
378,ATL,ORF,5.435695538057743
379,ATL,ICT,10.401234567901234
380,ATL,OKC,5.933717579250721
381,ATL,HOU,8.430232558139535
382,ATL,STT,3.3093525179856114
383,ATL,OAK,27.5
384,ATL,SYR,8.293103448275861
385,ATL,HPN,15.538194444444445
386,ATL,PWM,11.64
387,ATL,BTV,16.78688524590164
388,ATL,ROC,14.460227272727273
389,ATL,CHS,5.618143459915612
390,ATL,BUF,5.72093023255814
391,ATL,SAV,6.511210762331839
392,ATL,SRQ,6.7733711048158645
393,ATL,PVD,6.981012658227848
394,ATL,JAN,6.830917874396135
395,ATL,EYW,11.514492753623188
396,ATL,TLH,13.62280701754386
397,ATL,MSO,3.0
398,ATL,CVG,5.30225988700565
399,ATL,FSD,17.80327868852459
400,ATL,MSN,6.10655737704918
401,ATL,GRR,9.955555555555556
402,ATL,MDW,10.90234375
403,ATL,GSO,10.52914798206278
404,ATL,FAR,9.0
405,ATL,BZN,10.9
406,ATL,ROA,12.58849557522124
407,ATL,MHT,13.175438596491228
408,ATL,TYS,4.414847161572053
409,ATL,AVP,6.916666666666667
410,ATL,SDF,6.987096774193549
411,ATL,FNT,8.120689655172415
412,ATL,MYR,9.515555555555556
413,ATL,HSV,8.364102564102565
414,ATL,ECP,15.421212121212122
415,ATL,DAB,4.376569037656904
416,ATL,MOB,10.835509138381202
417,ATL,PNS,6.205128205128205
418,ATL,CAK,8.737569060773481
419,ATL,CAE,11.78125
420,ATL,LEX,14.671641791044776
421,ATL,TRI,6.0638297872340425
422,ATL,ALB,14.433734939759036
423,ATL,AVL,5.471810089020772
424,ATL,CHO,10.157894736842104
425,ATL,DAL,10.582995951417004
426,ATL,GSP,12.505494505494505
427,ATL,ATW,19.191176470588236
428,ATL,MLB,5.665254237288136
429,ATL,VPS,6.671597633136095
430,ATL,AGS,11.625
431,ATL,SGF,7.911764705882353
432,ATL,MDT,11.350574712643677
433,ATL,GNV,13.83529411764706
434,ATL,MTJ,0.8125
435,ATL,GPT,7.870967741935484
436,ATL,LFT,8.723756906077348
437,ATL,FAY,12.295819935691318
438,ATL,GRB,9.538461538461538
439,ATL,XNA,9.992957746478874
440,ATL,BTR,16.660674157303372
441,ATL,SHV,9.716374269005849
442,ATL,RAP,4.666666666666667
443,ATL,LAN,15.25
444,ATL,CRW,11.236994219653178
445,ATL,SBN,25.402714932126695
446,ATL,MLU,10.026785714285714
447,ATL,ELM,66.16666666666667
448,ATL,GRK,21.038834951456312
449,ATL,ABE,6.5174825174825175
450,ATL,CHA,4.955497382198953
451,ATL,BMI,18.14503816793893
452,ATL,CID,17.658823529411766
453,ATL,AEX,10.660550458715596
454,ATL,MLI,12.298850574712644
455,ATL,SCE,0.16666666666666666
456,ATL,LNK,8.362068965517242
457,ATL,ILM,8.469594594594595
458,ATL,OAJ,11.072398190045249
459,ATL,DHN,16.504310344827587
460,ATL,VLD,8.617647058823529
461,ATL,ABY,11.56875
462,ATL,EWN,8.045454545454545
463,ATL,PHF,8.274725274725276
464,ATL,MGM,10.335917312661499
465,ATL,PIA,13.344537815126051
466,ATL,AZO,22.833333333333332
467,ATL,FSM,14.146496815286625
468,ATL,GTR,9.251497005988025
469,ATL,BQK,6.1726190476190474
470,ATL,MBS,21.285714285714285
471,ATL,EVV,14.215116279069768
472,ATL,CSG,15.84375
473,ATL,TTN,13.46938775510204
474,ATL,ASE,11.372881355932204
475,ATL,FWA,25.466666666666665
476,ATL,RST,12.813559322033898
477,HDN,LAX,28.27777777777778
478,HDN,IAH,8.707692307692307
479,HDN,IAD,17.25
480,HDN,DEN,138.66666666666666
481,HDN,SEA,19.846153846153847
482,HDN,EWR,8.6
483,JAC,LAX,27.493506493506494
484,JAC,IAH,34.388888888888886
485,JAC,IAD,6.5
486,JAC,DEN,26.96590909090909
487,JAC,SFO,29.77358490566038
488,JAC,JFK,62.5
489,JAC,SEA,67.3
490,JAC,MSP,12.0625
491,JAC,EWR,45.388888888888886
492,JAC,SLC,18.391812865497077
493,EGE,LAX,7.85
494,EGE,MIA,15.03225806451613
495,EGE,IAH,9.754098360655737
496,EGE,DEN,50.3
497,EGE,JFK,37.87931034482759
498,EGE,MSP,20.5
499,EGE,EWR,24.559322033898304
500,LAX,CLE,8.619718309859154
501,LAX,MIA,10.330241187384045
502,LAX,STL,9.865217391304348
503,LAX,IAH,14.788546255506608
504,LAX,IAD,13.316412859560067
505,LAX,DEN,16.06237006237006
506,LAX,PDX,4.709375
507,LAX,LAS,12.516042780748663
508,LAX,MCO,9.457286432160805
509,LAX,SFO,12.76093023255814
510,LAX,HNL,11.437915742793791
511,LAX,OGG,12.928730512249443
512,LAX,RDU,6.068627450980392
513,LAX,BOS,9.215953307392995
514,LAX,DCA,6.279569892473118
515,LAX,JFK,10.05901337021669
516,LAX,PBI,3.054054054054054
517,LAX,AUS,9.14102564102564
518,LAX,CLT,4.908309455587393
519,LAX,SAN,9.416440831074977
520,LAX,SEA,6.596972563859981
521,LAX,MSP,11.256619144602851
522,LAX,BWI,11.17142857142857
523,LAX,MSY,9.477064220183486
524,LAX,FLL,14.318181818181818
525,LAX,RNO,9.39171974522293
526,LAX,PHL,8.99025974025974
527,LAX,PHX,11.583892617449665
528,LAX,TPA,4.731481481481482
529,LAX,BNA,8.853932584269662
530,LAX,EWR,16.221556886227546
531,LAX,SJC,10.286209887250651
532,LAX,DTW,9.596685082872929
533,LAX,IND,6.731182795698925
534,LAX,CMH,8.176470588235293
535,LAX,COS,18.06779661016949
536,LAX,PIT,11.885714285714286
537,LAX,PSP,7.344262295081967
538,LAX,SMF,13.054428044280442
539,LAX,SAT,8.900684931506849
540,LAX,SLC,10.222520107238607
541,LAX,ELP,10.105527638190955
542,LAX,TUS,8.65040650406504
543,LAX,ABQ,10.698675496688741
544,LAX,MCI,13.125984251968504
545,LAX,FAT,11.876984126984127
546,LAX,MKE,7.351851851851852
547,LAX,ICT,15.966666666666667
548,LAX,OKC,15.947368421052632
549,LAX,HOU,12.031358885017422
550,LAX,KOA,10.649532710280374
551,LAX,LIH,16.46846846846847
552,LAX,ANC,4.552631578947368
553,LAX,GEG,8.192982456140351
554,LAX,OAK,10.724261414503133
555,LAX,CVG,8.485294117647058
556,LAX,BOI,12.986013986013987
557,LAX,MDW,13.103333333333333
558,LAX,BZN,3.0
559,LAX,DAL,11.285371702637889
560,LAX,MTJ,28.555555555555557
561,LAX,SAF,6.5588235294117645
562,LAX,SBA,10.535593220338983
563,LAX,ITO,33.0
564,LAX,ASE,21.39463601532567
565,LAX,SBP,7.64931506849315
566,LAX,MRY,5.327922077922078
567,LAX,RDM,9.045454545454545
568,LAX,EUG,10.556603773584905
569,LAX,CLD,4.545
570,LAX,SMX,10.873949579831933
571,CLE,STL,2.817073170731707
572,CLE,IAH,8.142857142857142
573,CLE,IAD,7.535483870967742
574,CLE,DEN,14.483018867924528
575,CLE,LAS,16.91869918699187
576,CLE,MCO,17.022222222222222
577,CLE,SFO,14.43661971830986
578,CLE,RDU,13.645833333333334
579,CLE,BOS,7.348148148148148
580,CLE,DCA,4.786324786324786
581,CLE,JFK,29.79310344827586
582,CLE,LGA,16.014314928425357
583,CLE,RSW,9.259493670886076
584,CLE,CLT,3.8646288209606987
585,CLE,SJU,17.666666666666668
586,CLE,MSP,14.383177570093459
587,CLE,BWI,12.634408602150538
588,CLE,FLL,11.575757575757576
589,CLE,PHX,16.20125786163522
590,CLE,TPA,10.205479452054794
591,CLE,BNA,8.833333333333334
592,CLE,EWR,11.135135135135135
593,CLE,DTW,11.744444444444444
594,CLE,BDL,26.785714285714285
595,CLE,MKE,5.05511811023622
596,CLE,MDW,9.840989399293287
597,GUC,IAH,4.2
598,GUC,DEN,24.515625
599,MIA,STL,11.137096774193548
600,MIA,IAH,13.96588868940754
601,MIA,IAD,22.243055555555557
602,MIA,DEN,17.68857142857143
603,MIA,LAS,7.813765182186235
604,MIA,MCO,10.682971014492754
605,MIA,SFO,21.455497382198953
606,MIA,RDU,7.764102564102564
607,MIA,BOS,12.849009900990099
608,MIA,DCA,11.884341637010676
609,MIA,JFK,19.69093851132686
610,MIA,LGA,16.570934256055363
611,MIA,CLT,5.700367647058823
612,MIA,SAN,6.145161290322581
613,MIA,SEA,7.097222222222222
614,MIA,SJU,15.527777777777779
615,MIA,MSP,22.22429906542056
616,MIA,BWI,15.817258883248732
617,MIA,MSY,8.322033898305085
618,MIA,STX,11.23
619,MIA,PHL,21.855913978494623
620,MIA,PHX,11.669172932330827
621,MIA,TPA,9.912234042553191
622,MIA,BNA,7.181818181818182
623,MIA,EWR,18.061420345489445
624,MIA,DTW,7.838842975206612
625,MIA,TUL,6.6
626,MIA,BDL,9.948275862068966
627,MIA,CMH,14.491935483870968
628,MIA,BHM,4.89344262295082
629,MIA,RIC,10.9
630,MIA,ORF,6.908333333333333
631,MIA,STT,13.702380952380953
632,MIA,CHS,11.158730158730158
633,MIA,EYW,4.25
634,MIA,TLH,6.224489795918367
635,MIA,CVG,15.112903225806452
636,MIA,GSO,3.6333333333333333
637,MIA,PNS,9.214285714285714
638,MIA,GNV,4.269230769230769
639,STL,IAH,6.245901639344262
640,STL,IAD,22.77777777777778
641,STL,DEN,11.603076923076923
642,STL,OMA,8.805714285714286
643,STL,LAS,8.297560975609755
644,STL,MCO,6.372262773722627
645,STL,SFO,21.48854961832061
646,STL,RDU,13.3
647,STL,BOS,9.94949494949495
648,STL,DCA,8.106508875739644
649,STL,LGA,17.95907928388747
650,STL,RSW,19.196202531645568
651,STL,CLT,7.54054054054054
652,STL,SEA,6.467741935483871
653,STL,MSP,12.0
654,STL,BWI,11.55367231638418
655,STL,MSY,12.445378151260504
656,STL,FLL,6.768656716417911
657,STL,PHL,16.237113402061855
658,STL,PHX,13.426934097421203
659,STL,TPA,8.016129032258064
660,STL,BNA,9.577586206896552
661,STL,EWR,13.401294498381876
662,STL,DTW,11.104294478527608
663,STL,TUL,7.612903225806452
664,STL,CMH,12.12
665,STL,SAT,13.97391304347826
666,STL,SLC,4.571428571428571
667,STL,MCI,7.076233183856503
668,STL,MKE,9.631067961165048
669,STL,OKC,11.585714285714285
670,STL,HOU,13.668202764976959
671,STL,CVG,3.675
672,STL,GRR,9.653846153846153
673,STL,MDW,9.975741239892184
674,STL,DAL,9.763092269326684
675,STL,TTN,37.333333333333336
676,IAH,IAD,14.270676691729323
677,IAH,DEN,16.575757575757574
678,IAH,OMA,10.004694835680752
679,IAH,PDX,12.428571428571429
680,IAH,LAS,11.023255813953488
681,IAH,ONT,12.408450704225352
682,IAH,MCO,15.008316008316008
683,IAH,SFO,15.961605584642234
684,IAH,HNL,23.524590163934427
685,IAH,RDU,13.030150753768844
686,IAH,BOS,14.923694779116467
687,IAH,DCA,12.58922558922559
688,IAH,PBI,7.681159420289855
689,IAH,LGA,18.767220902612827
690,IAH,RSW,6.327102803738318
691,IAH,AUS,13.195205479452055
692,IAH,CLT,9.05750350631136
693,IAH,SAN,10.53048780487805
694,IAH,SEA,11.851239669421487
695,IAH,SNA,10.40926640926641
696,IAH,SJU,22.390243902439025
697,IAH,MSP,13.410041841004183
698,IAH,BWI,12.875
699,IAH,MSY,8.039920159680639
700,IAH,FLL,7.27683615819209
701,IAH,RNO,2.3
702,IAH,PHL,14.810289389067524
703,IAH,PHX,13.259567387687188
704,IAH,TPA,8.941818181818181
705,IAH,BNA,8.608527131782946
706,IAH,EWR,19.42168674698795
707,IAH,SJC,4.5
708,IAH,DTW,11.640826873385013
709,IAH,IND,12.73728813559322
710,IAH,TUL,5.110294117647059
711,IAH,CMH,8.969465648854962
712,IAH,MFE,7.8122171945701355
713,IAH,COS,19.445714285714285
714,IAH,PIT,13.63076923076923
715,IAH,PSP,29.125
716,IAH,SMF,10.69811320754717
717,IAH,JAX,12.616
718,IAH,SAT,14.518279569892472
719,IAH,SLC,12.107042253521128
720,IAH,ELP,9.45045045045045
721,IAH,TUS,12.6625
722,IAH,DSM,14.027777777777779
723,IAH,BHM,10.996336996336996
724,IAH,LIT,13.693950177935942
725,IAH,RIC,19.990909090909092
726,IAH,ABQ,12.627551020408163
727,IAH,MCI,12.659649122807018
728,IAH,MKE,9.438202247191011
729,IAH,ORF,7.203703703703703
730,IAH,ICT,5.987421383647798
731,IAH,OKC,4.98936170212766
732,IAH,CHS,6.705263157894737
733,IAH,SAV,16.45205479452055
734,IAH,JAN,10.25625
735,IAH,CVG,13.28054298642534
736,IAH,BOI,23.47457627118644
737,IAH,GRR,10.661290322580646
738,IAH,BZN,24.27777777777778
739,IAH,TYS,10.024
740,IAH,SDF,4.719298245614035
741,IAH,HSV,4.515923566878981
742,IAH,MOB,7.886792452830188
743,IAH,PNS,9.030303030303031
744,IAH,CAE,10.587301587301587
745,IAH,LEX,8.444444444444445
746,IAH,DAL,5.7625
747,IAH,GSP,17.159420289855074
748,IAH,VPS,9.863636363636363
749,IAH,MTJ,6.95
750,IAH,GPT,7.669354838709677
751,IAH,LFT,9.88479262672811
752,IAH,ISN,6.5
753,IAH,XNA,8.827586206896552
754,IAH,BTR,7.502673796791444
755,IAH,LBB,9.841176470588236
756,IAH,GJT,2.8
757,IAH,SHV,9.35036496350365
758,IAH,AMA,8.2375
759,IAH,CRP,7.34020618556701
760,IAH,CRW,12.537037037037036
761,IAH,HRL,6.059633027522936
762,IAH,MLU,9.214953271028037
763,IAH,GRK,9.119266055045872
764,IAH,BRO,10.159817351598173
765,IAH,LCH,5.7894736842105265
766,IAH,AEX,8.21875
767,IAH,CLL,12.41904761904762
768,IAH,LRD,4.345454545454546
769,IAH,TYR,6.658823529411765
770,IAH,ASE,9.613138686131387
771,IAH,BFL,19.178571428571427
772,IAH,MAF,12.034324942791763
773,IAH,HOB,6.574712643678161
774,IAD,DEN,18.663247863247864
775,IAD,PDX,12.3
776,IAD,LAS,16.394849785407725
777,IAD,MCO,17.711656441717793
778,IAD,SFO,15.464761904761906
779,IAD,HNL,17.294117647058822
780,IAD,RDU,7.666666666666667
781,IAD,BOS,13.286919831223628
782,IAD,JFK,13.21951219512195
783,IAD,PBI,20.41176470588235
784,IAD,LGA,24.46961325966851
785,IAD,RSW,32.55769230769231
786,IAD,CLT,29.0
787,IAD,SAN,14.508670520231213
788,IAD,SEA,21.5875
789,IAD,SJU,42.02777777777778
790,IAD,MSP,13.132352941176471
791,IAD,FLL,32.891304347826086
792,IAD,PHX,10.709677419354838
793,IAD,TPA,13.01980198019802
794,IAD,BNA,11.357142857142858
795,IAD,EWR,18.16504854368932
796,IAD,DTW,19.413333333333334
797,IAD,IND,9.764705882352942
798,IAD,TUL,8.7
799,IAD,BDL,25.02758620689655
800,IAD,CMH,14.142857142857142
801,IAD,PIT,22.40277777777778
802,IAD,SMF,8.8
803,IAD,JAX,19.08695652173913
804,IAD,RIC,10.27450980392157
805,IAD,DAY,45.333333333333336
806,IAD,MCI,12.333333333333334
807,IAD,ORF,9.761363636363637
808,IAD,OKC,21.88888888888889
809,IAD,STT,34.523809523809526
810,IAD,SYR,7.375
811,IAD,BTV,20.615384615384617
812,IAD,ROC,22.171717171717173
813,IAD,CHS,29.125
814,IAD,BUF,10.34
815,IAD,SAV,15.508333333333333
816,IAD,PVD,17.417391304347827
817,IAD,CVG,10.4
818,IAD,GRR,23.5
819,IAD,MDW,9.233333333333333
820,IAD,GSO,11.080459770114942
821,IAD,ROA,25.75
822,IAD,TYS,31.5
823,IAD,SDF,3.588235294117647
824,IAD,HSV,16.25
825,IAD,CAE,25.017857142857142
826,IAD,ALB,22.0
827,IAD,GSP,4.25
828,IAD,UST,10.666666666666666
829,DEN,OMA,16.355504587155963
830,DEN,PDX,15.893877551020408
831,DEN,LAS,13.225621414913958
832,DEN,ONT,16.39366515837104
833,DEN,MCO,13.323293172690763
834,DEN,SFO,17.149112426035504
835,DEN,HNL,18.852459016393443
836,DEN,OGG,16.045454545454547
837,DEN,RDU,12.774193548387096
838,DEN,BOS,20.31103678929766
839,DEN,DCA,15.60655737704918
840,DEN,JFK,20.823529411764707
841,DEN,PBI,8.88888888888889
842,DEN,LGA,18.199556541019955
843,DEN,RSW,9.418032786885245
844,DEN,AUS,16.118303571428573
845,DEN,CLT,8.010416666666666
846,DEN,SAN,13.520865533230294
847,DEN,SEA,13.165034965034964
848,DEN,SNA,10.285481239804241
849,DEN,MSP,13.314117647058824
850,DEN,BWI,15.564625850340136
851,DEN,MSY,14.014925373134329
852,DEN,FLL,10.473469387755102
853,DEN,RNO,11.807291666666666
854,DEN,PHL,13.167664670658683
855,DEN,PHX,13.15003808073115
856,DEN,TPA,12.964391691394658
857,DEN,BNA,13.575070821529746
858,DEN,EWR,21.160183066361554
859,DEN,SJC,11.964169381107492
860,DEN,DTW,15.827319587628866
861,DEN,IND,18.569767441860463
862,DEN,TUL,14.114503816793894
863,DEN,BDL,20.93103448275862
864,DEN,CMH,22.61855670103093
865,DEN,COS,18.860349127182044
866,DEN,PIT,13.158192090395481
867,DEN,PSP,20.946666666666665
868,DEN,SMF,14.832474226804123
869,DEN,JAX,13.403225806451612
870,DEN,SAT,15.16382252559727
871,DEN,SLC,12.19263698630137
872,DEN,ELP,13.436046511627907
873,DEN,TUS,16.94573643410853
874,DEN,DSM,20.855
875,DEN,BHM,18.934426229508198
876,DEN,LIT,25.042105263157893
877,DEN,ABQ,11.197115384615385
878,DEN,DAY,13.063829787234043
879,DEN,MCI,13.751295336787564
880,DEN,FAT,31.823076923076922
881,DEN,MKE,19.316091954022987
882,DEN,ICT,29.14457831325301
883,DEN,OKC,12.31195335276968
884,DEN,HOU,11.136518771331058
885,DEN,KOA,19.666666666666668
886,DEN,LIH,12.055555555555555
887,DEN,ANC,26.822580645161292
888,DEN,GEG,14.8125
889,DEN,OAK,14.396313364055299
890,DEN,BUR,20.75545851528384
891,DEN,MSO,23.467741935483872
892,DEN,CVG,14.955752212389381
893,DEN,BOI,17.38082191780822
894,DEN,FSD,17.195945945945947
895,DEN,MSN,15.102941176470589
896,DEN,GRR,15.434782608695652
897,DEN,MDW,16.54968287526427
898,DEN,GSO,19.75
899,DEN,FAR,20.962616822429908
900,DEN,BIL,15.322033898305085
901,DEN,BZN,22.858974358974358
902,DEN,TYS,21.64179104477612
903,DEN,SDF,12.508928571428571
904,DEN,HSV,19.11764705882353
905,DEN,CAK,9.193548387096774
906,DEN,DAL,12.397849462365592
907,DEN,SGF,17.723809523809525
908,DEN,MDT,62.0
909,DEN,MTJ,7.860655737704918
910,DEN,LFT,17.983606557377048
911,DEN,DIK,26.330188679245282
912,DEN,MOT,15.482758620689655
913,DEN,SAF,13.238095238095237
914,DEN,ISN,13.5
915,DEN,XNA,13.083333333333334
916,DEN,LBB,15.852173913043478
917,DEN,GJT,25.23015873015873
918,DEN,SHV,13.5
919,DEN,AMA,18.906542056074766
920,DEN,RAP,16.753623188405797
921,DEN,BMI,11.833333333333334
922,DEN,CID,27.14851485148515
923,DEN,MLI,26.582089552238806
924,DEN,LNK,14.175
925,DEN,PHF,11.5
926,DEN,PIA,29.875
927,DEN,IDA,29.786259541984734
928,DEN,SBA,18.0
929,DEN,ASE,21.715625
930,DEN,BIS,30.796296296296298
931,DEN,DRO,14.186274509803921
932,DEN,BFL,21.411214953271028
933,DEN,MFR,15.205882352941176
934,DEN,LAR,11.390243902439025
935,DEN,PUB,15.73469387755102
936,DEN,RKS,15.444444444444445
937,DEN,SGU,19.016129032258064
938,DEN,RDM,24.23728813559322
939,DEN,EUG,21.472727272727273
940,DEN,HLN,11.677966101694915
941,DEN,GTF,21.676923076923078
942,DEN,CPR,15.912442396313365
943,DEN,PSC,30.04201680672269
944,DEN,GCC,18.084033613445378
945,DEN,COD,15.454545454545455
946,DEN,FCA,17.783783783783782
947,DEN,SUN,35.333333333333336
948,DEN,HYS,14.450980392156863
949,DEN,MMH,9.0
950,DEN,MAF,13.521739130434783
951,DEN,JMS,38.869565217391305
952,DEN,DVL,25.0
953,OMA,LAS,17.08130081300813
954,OMA,MCO,9.1875
955,OMA,LGA,13.363636363636363
956,OMA,SEA,39.016129032258064
957,OMA,MSP,14.23671497584541
958,OMA,PHX,8.978902953586498
959,OMA,EWR,9.565217391304348
960,OMA,DTW,19.0
961,OMA,SLC,7.353448275862069
962,OMA,MDW,10.505338078291816
963,PDX,LAS,7.506787330316742
964,PDX,ONT,5.070866141732283
965,PDX,SFO,12.832020997375327
966,PDX,HNL,4.5
967,PDX,OGG,8.241379310344827
968,PDX,BOS,13.043478260869565
969,PDX,DCA,2.564516129032258
970,PDX,JFK,15.264705882352942
971,PDX,CLT,7.03030303030303
972,PDX,SAN,8.141065830721002
973,PDX,SEA,15.982608695652173
974,PDX,SNA,11.572289156626505
975,PDX,MSP,6.333333333333333
976,PDX,PHX,9.944333996023857
977,PDX,EWR,25.728813559322035
978,PDX,SJC,8.692982456140351
979,PDX,DTW,10.0
980,PDX,PSP,5.236111111111111
981,PDX,SMF,9.212454212454212
982,PDX,SLC,8.68472906403941
983,PDX,TUS,10.966666666666667
984,PDX,ABQ,11.4
985,PDX,MCI,8.064516129032258
986,PDX,KOA,5.806451612903226
987,PDX,LIH,5.0285714285714285
988,PDX,ANC,3.9160839160839163
989,PDX,OAK,9.610344827586207
990,PDX,BUR,6.654545454545454
991,PDX,LGB,2.8225806451612905
992,PDX,MDW,5.67741935483871
993,PDX,SBA,23.852459016393443
994,LAS,ONT,11.569811320754717
995,LAS,MCO,18.18103448275862
996,LAS,SFO,13.047551454932574
997,LAS,HNL,6.513333333333334
998,LAS,RDU,6.721311475409836
999,LAS,BOS,14.558823529411764
1000,LAS,DCA,1.4754098360655739
1001,LAS,JFK,15.637083993660855
1002,LAS,AUS,9.403314917127071
1003,LAS,CLT,3.6859205776173285
1004,LAS,SAN,12.89544235924933
1005,LAS,SEA,12.158986175115208
1006,LAS,SNA,7.648888888888889
1007,LAS,MSP,12.906458797327394
1008,LAS,BWI,11.649606299212598
1009,LAS,MSY,8.258620689655173
1010,LAS,FLL,6.043243243243243
1011,LAS,RNO,8.013986013986013
1012,LAS,PHL,11.398976982097187
1013,LAS,PHX,10.253465346534654
1014,LAS,TPA,7.68
1015,LAS,BNA,9.611940298507463
1016,LAS,EWR,8.474048442906575
1017,LAS,SJC,12.61271676300578
1018,LAS,DTW,9.676300578034683
1019,LAS,IND,9.922413793103448
1020,LAS,TUL,8.596774193548388
1021,LAS,CMH,12.777777777777779
1022,LAS,PIT,9.732394366197184
1023,LAS,SMF,9.621212121212121
1024,LAS,SAT,13.405172413793103
1025,LAS,SLC,9.519260400616332
1026,LAS,ELP,13.325203252032521
1027,LAS,TUS,8.516666666666667
1028,LAS,DSM,12.0
1029,LAS,BHM,7.838709677419355
1030,LAS,LIT,21.43548387096774
1031,LAS,ABQ,10.419491525423728
1032,LAS,MCI,13.179054054054054
1033,LAS,MKE,7.994350282485875
1034,LAS,ICT,14.53225806451613
1035,LAS,OKC,6.435483870967742
1036,LAS,HOU,8.747899159663865
1037,LAS,ANC,0.6071428571428571
1038,LAS,GEG,8.733870967741936
1039,LAS,BLI,10.258064516129032
1040,LAS,OAK,9.67605633802817
1041,LAS,BUR,9.817005545286506
1042,LAS,BUF,15.40983606557377
1043,LAS,LGB,11.233333333333333
1044,LAS,CVG,10.876923076923077
1045,LAS,BOI,14.975806451612904
1046,LAS,MDW,12.669811320754716
1047,LAS,SDF,12.85483870967742
1048,LAS,FNT,4.290322580645161
1049,LAS,ALB,37.0
1050,LAS,DAL,14.10483870967742
1051,LAS,LBB,7.866666666666666
1052,LAS,AMA,7.612903225806452
1053,LAS,MAF,13.764705882352942
1054,ONT,SFO,15.954054054054055
1055,ONT,SEA,18.336
1056,ONT,PHX,10.857976653696499
1057,ONT,SJC,9.232456140350877
1058,ONT,SMF,9.596816976127322
1059,ONT,SLC,5.568965517241379
1060,ONT,OAK,11.063613231552162
1061,ONT,MDW,13.62295081967213
1062,MCO,SFO,17.932835820895523
1063,MCO,RDU,6.355191256830601
1064,MCO,BOS,17.565591397849463
1065,MCO,DCA,13.402010050251256
1066,MCO,JFK,14.889671361502348
1067,MCO,LGA,19.11320754716981
1068,MCO,AUS,9.994413407821229
1069,MCO,CLT,6.832402234636872
1070,MCO,SAN,9.74074074074074
1071,MCO,SEA,4.481481481481482
1072,MCO,SJU,13.908940397350994
1073,MCO,MSP,7.708333333333333
1074,MCO,BWI,12.496478873239436
1075,MCO,MSY,9.44559585492228
1076,MCO,FLL,8.233870967741936
1077,MCO,PHL,14.963898916967509
1078,MCO,PHX,6.854330708661418
1079,MCO,BNA,9.81640625
1080,MCO,EWR,16.646464646464647
1081,MCO,DTW,6.726708074534161
1082,MCO,IND,9.10483870967742
1083,MCO,BDL,13.178451178451178
1084,MCO,CMH,7.390350877192983
1085,MCO,PIT,9.460377358490566
1086,MCO,SAT,15.629032258064516
1087,MCO,SLC,9.099476439790577
1088,MCO,BHM,8.16260162601626
1089,MCO,RIC,15.977443609022556
1090,MCO,DAY,8.306451612903226
1091,MCO,MCI,9.096774193548388
1092,MCO,MKE,11.232558139534884
1093,MCO,ORF,17.112903225806452
1094,MCO,HOU,14.020408163265307
1095,MCO,SYR,23.951612903225808
1096,MCO,HPN,19.91812865497076
1097,MCO,BQN,21.91764705882353
1098,MCO,ROC,8.225806451612904
1099,MCO,ORH,4.928571428571429
1100,MCO,SWF,26.82456140350877
1101,MCO,BUF,14.891472868217054
1102,MCO,PSE,7.070588235294117
1103,MCO,PVD,12.780979827089338
1104,MCO,CVG,13.0875
1105,MCO,MSN,28.125
1106,MCO,GRR,17.0
1107,MCO,MDW,10.727272727272727
1108,MCO,MHT,8.896825396825397
1109,MCO,SDF,6.257142857142857
1110,MCO,FNT,10.790322580645162
1111,MCO,CAK,7.275862068965517
1112,MCO,ALB,9.505952380952381
1113,MCO,DAL,14.193548387096774
1114,MCO,MDT,7.25
1115,MCO,BMI,34.27777777777778
1116,MCO,TTN,46.83
1117,MCO,ILG,15.970588235294118
1118,MCO,ACY,10.087431693989071
1119,MCO,LBE,21.758064516129032
1120,MCO,ISP,13.721893491124261
1121,SFO,HNL,13.52980132450331
1122,SFO,OGG,13.877450980392156
1123,SFO,RDU,18.555555555555557
1124,SFO,BOS,13.880434782608695
1125,SFO,DCA,11.07258064516129
1126,SFO,JFK,11.193133047210301
1127,SFO,AUS,18.889487870619945
1128,SFO,CLT,7.077441077441078
1129,SFO,SAN,15.46745027124774
1130,SFO,SEA,10.955497382198953
1131,SFO,SNA,16.218487394957982
1132,SFO,MSP,15.466257668711657
1133,SFO,BWI,6.5
1134,SFO,MSY,8.96774193548387
1135,SFO,FLL,12.546468401486988
1136,SFO,RNO,16.943037974683545
1137,SFO,PHL,10.875722543352602
1138,SFO,PHX,12.15
1139,SFO,EWR,15.086894586894587
1140,SFO,DTW,10.602272727272727
1141,SFO,IND,16.272727272727273
1142,SFO,COS,5.3
1143,SFO,PIT,29.444444444444443
1144,SFO,PSP,15.290145985401459
1145,SFO,SMF,28.27882037533512
1146,SFO,SAT,26.1125
1147,SFO,SLC,16.09409594095941
1148,SFO,TUS,19.267015706806284
1149,SFO,ABQ,13.96774193548387
1150,SFO,MCI,20.26086956521739
1151,SFO,FAT,23.407692307692308
1152,SFO,MKE,11.722222222222221
1153,SFO,OKC,14.64516129032258
1154,SFO,KOA,10.28
1155,SFO,LIH,4.82258064516129
1156,SFO,ANC,43.3
1157,SFO,BUR,12.692579505300353
1158,SFO,LGB,10.350282485875706
1159,SFO,CVG,0.6136363636363636
1160,SFO,BOI,29.818505338078293
1161,SFO,MDW,16.24561403508772
1162,SFO,BZN,3.9
1163,SFO,DAL,11.723981900452488
1164,SFO,MTJ,13.666666666666666
1165,SFO,SBA,19.617283950617285
1166,SFO,ASE,21.843373493975903
1167,SFO,BFL,24.66386554621849
1168,SFO,MFR,20.853658536585368
1169,SFO,ACV,22.89041095890411
1170,SFO,SBP,21.31578947368421
1171,SFO,MRY,19.35
1172,SFO,CEC,28.84873949579832
1173,SFO,RDD,16.063583815028903
1174,SFO,RDM,19.541666666666668
1175,SFO,EUG,18.11371237458194
1176,SFO,PSC,7.548387096774194
1177,SFO,SUN,14.043478260869565
1178,SFO,MMH,10.558823529411764
1179,SFO,OTH,31.625
1180,HNL,OGG,4.1001843884449904
1181,HNL,JFK,33.1025641025641
1182,HNL,SAN,7.706896551724138
1183,HNL,SEA,7.08080808080808
1184,HNL,PHX,10.618279569892474
1185,HNL,EWR,9.96551724137931
1186,HNL,SJC,11.091836734693878
1187,HNL,SMF,7.548387096774194
1188,HNL,SLC,0.7096774193548387
1189,HNL,KOA,3.8481449525452978
1190,HNL,LIH,3.7013358778625953
1191,HNL,ANC,9.575
1192,HNL,BLI,3.1333333333333333
1193,HNL,OAK,4.590909090909091
1194,HNL,ITO,5.601398601398602
1195,HNL,GUM,18.693548387096776
1196,HNL,PPG,3.1
1197,OGG,SAN,3.064516129032258
1198,OGG,SEA,12.975806451612904
1199,OGG,PHX,6.950980392156863
1200,OGG,SJC,21.451612903225808
1201,OGG,SMF,9.516129032258064
1202,OGG,KOA,9.330645161290322
1203,OGG,LIH,3.5528455284552845
1204,OGG,ANC,11.962962962962964
1205,OGG,BLI,8.714285714285714
1206,OGG,OAK,8.03225806451613
1207,OGG,ITO,6.419354838709677
1208,RDU,BOS,12.883408071748878
1209,RDU,JFK,15.932721712538227
1210,RDU,LGA,17.44392523364486
1211,RDU,CLT,4.640816326530612
1212,RDU,MSP,11.148148148148149
1213,RDU,BWI,10.893687707641195
1214,RDU,FLL,10.59349593495935
1215,RDU,PHL,11.114285714285714
1216,RDU,PHX,30.1
1217,RDU,TPA,5.6647058823529415
1218,RDU,BNA,10.81868131868132
1219,RDU,EWR,5.232142857142857
1220,RDU,DTW,12.123809523809523
1221,RDU,BDL,22.5
1222,RDU,HOU,18.318181818181817
1223,RDU,MDW,10.898809523809524
1224,RDU,PHF,20.0
1225,RDU,TTN,12.0625
1226,BOS,DCA,8.128395061728394
1227,BOS,JFK,14.286363636363637
1228,BOS,PBI,14.219251336898395
1229,BOS,LGA,11.948364888123924
1230,BOS,RSW,15.134078212290502
1231,BOS,AUS,9.551724137931034
1232,BOS,CLT,7.512355848434926
1233,BOS,SAN,15.37012987012987
1234,BOS,SEA,17.75
1235,BOS,SJU,15.812206572769954
1236,BOS,MSP,11.342560553633218
1237,BOS,BWI,10.613772455089821
1238,BOS,MSY,17.120689655172413
1239,BOS,FLL,12.087719298245615
1240,BOS,PHL,13.436848203939745
1241,BOS,PHX,12.467248908296943
1242,BOS,TPA,13.654450261780104
1243,BOS,BNA,12.033333333333333
1244,BOS,EWR,14.220665499124344
1245,BOS,SJC,11.0
1246,BOS,DTW,8.173664122137405
1247,BOS,PIT,9.295454545454545
1248,BOS,JAX,16.198675496688743
1249,BOS,SLC,9.857142857142858
1250,BOS,RIC,10.905714285714286
1251,BOS,MCI,10.104651162790697
1252,BOS,MKE,17.19148936170213
1253,BOS,HOU,13.255952380952381
1254,BOS,STT,11.316666666666666
1255,BOS,CHS,7.8474576271186445
1256,BOS,BUF,11.858895705521473
1257,BOS,SAV,7.535714285714286
1258,BOS,SRQ,13.089285714285714
1259,BOS,LGB,6.297297297297297
1260,BOS,CVG,22.9375
1261,BOS,MDW,16.50602409638554
1262,BOS,MYR,6.035714285714286
1263,BOS,CAK,9.76923076923077
1264,DCA,JFK,21.379310344827587
1265,DCA,PBI,7.76530612244898
1266,DCA,LGA,10.996884735202492
1267,DCA,RSW,13.07563025210084
1268,DCA,AUS,3.1451612903225805
1269,DCA,CLT,7.081140350877193
1270,DCA,SEA,4.612068965517241
1271,DCA,SJU,10.8
1272,DCA,MSP,9.347368421052632
1273,DCA,MSY,5.7899159663865545
1274,DCA,FLL,11.502392344497608
1275,DCA,PHL,18.225806451612904
1276,DCA,PHX,9.353932584269662
1277,DCA,TPA,8.073839662447257
1278,DCA,BNA,4.713414634146342
1279,DCA,EWR,12.677824267782427
1280,DCA,DTW,9.25609756097561
1281,DCA,IND,5.647540983606557
1282,DCA,BDL,6.771929824561403
1283,DCA,PIT,43.5
1284,DCA,JAX,10.289256198347108
1285,DCA,SLC,10.663716814159292
1286,DCA,MCI,7.327868852459017
1287,DCA,MKE,7.3023255813953485
1288,DCA,HOU,9.73953488372093
1289,DCA,CHS,14.952830188679245
1290,DCA,MDW,9.311440677966102
1291,DCA,CAK,11.466666666666667
1292,DCA,DAL,7.2693877551020405
1293,DCA,BTR,43.0
1294,JFK,PBI,14.706976744186047
1295,JFK,RSW,11.5
1296,JFK,AUS,15.720754716981132
1297,JFK,CLT,15.08590308370044
1298,JFK,SAN,10.486363636363636
1299,JFK,SEA,15.492957746478874
1300,JFK,SJU,15.362953692115143
1301,JFK,MSP,13.473118279569892
1302,JFK,BWI,29.563636363636363
1303,JFK,MSY,10.935960591133005
1304,JFK,FLL,15.889265536723164
1305,JFK,PHX,15.781609195402298
1306,JFK,TPA,15.016877637130802
1307,JFK,BNA,32.08771929824562
1308,JFK,SJC,5.75
1309,JFK,DTW,13.0125
1310,JFK,IND,34.20754716981132
1311,JFK,CMH,28.76991150442478
1312,JFK,PSP,2.5
1313,JFK,SMF,15.527777777777779
1314,JFK,JAX,14.976377952755906
1315,JFK,SAT,36.5
1316,JFK,SLC,16.15076923076923
1317,JFK,ABQ,16.5
1318,JFK,ORF,14.267857142857142
1319,JFK,HOU,15.676470588235293
1320,JFK,STT,28.26605504587156
1321,JFK,OAK,13.91891891891892
1322,JFK,BUR,9.9
1323,JFK,SYR,11.52808988764045
1324,JFK,BQN,9.942857142857143
1325,JFK,PWM,10.696969696969697
1326,JFK,BTV,8.83529411764706
1327,JFK,ROC,9.89080459770115
1328,JFK,CHS,10.9
1329,JFK,BUF,13.461309523809524
1330,JFK,PSE,8.724137931034482
1331,JFK,SAV,12.491228070175438
1332,JFK,SRQ,6.35
1333,JFK,LGB,12.708333333333334
1334,JFK,CVG,23.155172413793103
1335,PBI,LGA,18.792746113989637
1336,PBI,CLT,5.920588235294118
1337,PBI,BWI,14.487046632124352
1338,PBI,PHL,9.826530612244898
1339,PBI,EWR,15.327137546468402
1340,PBI,DTW,5.0131578947368425
1341,PBI,BDL,23.271186440677965
1342,PBI,HPN,16.672811059907833
1343,PBI,TTN,34.88
1344,PBI,ACY,2.933333333333333
1345,PBI,ISP,17.316239316239315
1346,LGA,RSW,18.393939393939394
1347,LGA,CLT,11.963478260869564
1348,LGA,MSP,10.26890756302521
1349,LGA,MSY,11.314285714285715
1350,LGA,FLL,16.160560344827587
1351,LGA,PHL,6.025
1352,LGA,TPA,17.125714285714285
1353,LGA,BNA,18.93438914027149
1354,LGA,DTW,12.420343137254902
1355,LGA,CMH,21.313868613138688
1356,LGA,PIT,21.093333333333334
1357,LGA,JAX,4.066666666666666
1358,LGA,BHM,32.71084337349398
1359,LGA,LIT,18.27659574468085
1360,LGA,RIC,23.641666666666666
1361,LGA,DAY,19.397959183673468
1362,LGA,MCI,31.61904761904762
1363,LGA,MKE,18.166666666666668
1364,LGA,ORF,15.604166666666666
1365,LGA,HOU,19.87248322147651
1366,LGA,SYR,10.75
1367,LGA,BTV,18.363636363636363
1368,LGA,ROC,41.357142857142854
1369,LGA,CHS,25.055555555555557
1370,LGA,BUF,41.72093023255814
1371,LGA,SAV,18.47826086956522
1372,LGA,SRQ,32.01470588235294
1373,LGA,EYW,7.5
1374,LGA,CVG,31.166666666666668
1375,LGA,MDW,22.1938202247191
1376,LGA,GSO,22.0398406374502
1377,LGA,MHT,32.74324324324324
1378,LGA,TYS,20.34090909090909
1379,LGA,SDF,17.133802816901408
1380,LGA,MYR,18.263157894736842
1381,LGA,CAK,18.170212765957448
1382,LGA,CAE,20.6625
1383,LGA,LEX,27.5
1384,LGA,CHO,25.301075268817204
1385,LGA,DAL,16.94517543859649
1386,LGA,GSP,24.142857142857142
1387,LGA,XNA,22.525
1388,RSW,CLT,6.225714285714286
1389,RSW,MSP,10.090277777777779
1390,RSW,BWI,14.569491525423729
1391,RSW,PHL,8.36923076923077
1392,RSW,BNA,7.516666666666667
1393,RSW,EWR,11.690763052208835
1394,RSW,DTW,14.918279569892473
1395,RSW,IND,11.47191011235955
1396,RSW,BDL,12.05084745762712
1397,RSW,CMH,9.868421052631579
1398,RSW,PIT,7.045045045045045
1399,RSW,MKE,13.314285714285715
1400,RSW,HPN,15.071428571428571
1401,RSW,BUF,2.25
1402,RSW,PVD,0.5714285714285714
1403,RSW,CVG,1.3888888888888888
1404,RSW,GRR,19.057692307692307
1405,RSW,MDW,14.323383084577115
1406,RSW,FNT,2.25
1407,RSW,CAK,11.797101449275363
1408,RSW,TTN,13.567567567567568
1409,RSW,ACY,13.721311475409836
1410,RSW,LBE,10.961538461538462
1411,AUS,CLT,9.803921568627452
1412,AUS,SAN,9.238938053097344
1413,AUS,SEA,2.225806451612903
1414,AUS,MSP,12.368421052631579
1415,AUS,BWI,11.050420168067227
1416,AUS,MSY,11.161290322580646
1417,AUS,FLL,11.129032258064516
1418,AUS,PHL,17.34285714285714
1419,AUS,PHX,10.675090252707582
1420,AUS,TPA,6.258064516129032
1421,AUS,BNA,8.522522522522523
1422,AUS,EWR,16.646017699115045
1423,AUS,SJC,8.116071428571429
1424,AUS,DTW,10.512820512820513
1425,AUS,SLC,8.333333333333334
1426,AUS,ELP,18.112
1427,AUS,HOU,8.367088607594937
1428,AUS,OAK,13.274193548387096
1429,AUS,LGB,8.794520547945206
1430,AUS,MDW,11.94308943089431
1431,AUS,DAL,8.734767025089607
1432,AUS,LBB,12.12
1433,AUS,HRL,5.836065573770492
1434,CLT,SAN,3.586206896551724
1435,CLT,SEA,14.910891089108912
1436,CLT,SJU,7.757352941176471
1437,CLT,MSP,7.4071428571428575
1438,CLT,BWI,7.9263322884012535
1439,CLT,MSY,7.244755244755245
1440,CLT,FLL,5.713080168776371
1441,CLT,STX,15.9
1442,CLT,PHL,15.467680608365018
1443,CLT,PHX,10.25625
1444,CLT,TPA,7.875
1445,CLT,BNA,2.1822033898305087
1446,CLT,EWR,10.73076923076923
1447,CLT,DTW,8.05657237936772
1448,CLT,IND,6.857142857142857
1449,CLT,BDL,7.350393700787402
1450,CLT,CMH,6.821428571428571
1451,CLT,PIT,5.764705882352941
1452,CLT,JAX,5.348780487804878
1453,CLT,SAT,8.083333333333334
1454,CLT,SLC,5.417391304347826
1455,CLT,RIC,8.703703703703704
1456,CLT,MCI,5.573076923076923
1457,CLT,ORF,3.0628930817610063
1458,CLT,HOU,16.483870967741936
1459,CLT,STT,17.144736842105264
1460,CLT,SYR,4.383838383838384
1461,CLT,PWM,9.017241379310345
1462,CLT,ROC,12.403225806451612
1463,CLT,CHS,7.591397849462366
1464,CLT,BUF,9.407239819004525
1465,CLT,PVD,7.947916666666667
1466,CLT,CVG,5.966666666666667
1467,CLT,MDW,13.121739130434783
1468,CLT,ALB,8.169354838709678
1469,CLT,MDT,4.69811320754717
1470,CLT,ILM,4.5
1471,CLT,TTN,16.03030303030303
1472,SAN,SEA,5.9644128113879
1473,SAN,MSP,10.636363636363637
1474,SAN,BWI,13.672566371681416
1475,SAN,MSY,11.306451612903226
1476,SAN,RNO,8.626016260162602
1477,SAN,PHL,11.527131782945736
1478,SAN,PHX,8.45580404685836
1479,SAN,BNA,10.435483870967742
1480,SAN,EWR,13.91304347826087
1481,SAN,SJC,10.58019801980198
1482,SAN,DTW,5.618556701030927
1483,SAN,SMF,8.63469387755102
1484,SAN,SAT,12.939130434782609
1485,SAN,SLC,4.24009900990099
1486,SAN,TUS,10.64375
1487,SAN,ABQ,9.481132075471699
1488,SAN,MCI,16.35483870967742
1489,SAN,HOU,10.056451612903226
1490,SAN,LIH,1.8888888888888888
1491,SAN,OAK,10.467637540453074
1492,SAN,CVG,0.5714285714285714
1493,SAN,BOI,7.733333333333333
1494,SAN,MDW,12.885714285714286
1495,SAN,DAL,6.604838709677419
1496,SEA,SNA,2.9069148936170213
1497,SEA,MSP,7.126005361930295
1498,SEA,BWI,7.903225806451613
1499,SEA,MSY,3.0
1500,SEA,FLL,5.161290322580645
1501,SEA,PHL,15.016
1502,SEA,PHX,12.148325358851675
1503,SEA,TPA,3.806451612903226
1504,SEA,EWR,14.740088105726873
1505,SEA,SJC,10.229197080291971
1506,SEA,DTW,9.042763157894736
1507,SEA,COS,36.57627118644068
1508,SEA,PSP,10.834285714285715
1509,SEA,SMF,9.512359550561797
1510,SEA,SAT,5.725806451612903
1511,SEA,SLC,9.033009708737865
1512,SEA,TUS,4.347222222222222
1513,SEA,ABQ,6.362903225806452
1514,SEA,MCI,5.129032258064516
1515,SEA,FAT,18.717741935483872
1516,SEA,MKE,3.4074074074074074
1517,SEA,KOA,14.943548387096774
1518,SEA,LIH,11.463414634146341
1519,SEA,ANC,7.685835995740149
1520,SEA,GEG,15.266544117647058
1521,SEA,BLI,1.75
1522,SEA,OAK,10.617915904936014
1523,SEA,FAI,5.494623655913978
1524,SEA,BUR,9.736559139784946
1525,SEA,JNU,11.396694214876034
1526,SEA,KTN,11.219780219780219
1527,SEA,LGB,6.413043478260869
1528,SEA,CVG,0.625
1529,SEA,MDW,13.157894736842104
1530,SEA,BZN,85.25
1531,SEA,SBA,24.901639344262296
1532,SNA,MSP,5.315151515151515
1533,SNA,PHX,8.917496443812233
1534,SNA,EWR,7.669724770642202
1535,SNA,SJC,7.586278586278587
1536,SNA,SMF,6.660621761658031
1537,SNA,SLC,7.153284671532846
1538,SNA,HOU,7.596774193548387
1539,SNA,OAK,8.651006711409396
1540,SNA,DAL,8.596774193548388
1541,SJU,MSP,5.928571428571429
1542,SJU,BWI,9.788617886178862
1543,SJU,FLL,10.641121495327102
1544,SJU,STX,18.870967741935484
1545,SJU,PHL,16.248756218905474
1546,SJU,TPA,11.84020618556701
1547,SJU,EWR,18.741935483870968
1548,SJU,DTW,1.7
1549,SJU,BDL,18.695121951219512
1550,SJU,STT,3.307142857142857
1551,MSP,BWI,3.7927927927927927
1552,MSP,MSY,1.6551724137931034
1553,MSP,FLL,11.022727272727273
1554,MSP,RNO,2.5
1555,MSP,PHL,12.831325301204819
1556,MSP,PHX,10.110526315789473
1557,MSP,TPA,9.932624113475176
1558,MSP,BNA,9.769633507853403
1559,MSP,EWR,16.8
1560,MSP,SJC,5.745454545454545
1561,MSP,DTW,6.984162895927602
1562,MSP,IND,4.830508474576271
1563,MSP,TUL,3.9
1564,MSP,BDL,12.104761904761904
1565,MSP,CMH,1.1142857142857143
1566,MSP,PIT,14.035714285714286
1567,MSP,PSP,27.135593220338983
1568,MSP,SMF,11.309090909090909
1569,MSP,JAX,8.7
1570,MSP,SAT,16.106666666666666
1571,MSP,SLC,5.412541254125412
1572,MSP,TUS,3.1891891891891895
1573,MSP,DSM,5.162790697674419
1574,MSP,RIC,34.90384615384615
1575,MSP,ABQ,8.714285714285714
1576,MSP,DAY,11.552631578947368
1577,MSP,MCI,7.354166666666667
1578,MSP,MKE,6.312312312312312
1579,MSP,ICT,21.75862068965517
1580,MSP,OKC,14.732394366197184
1581,MSP,ANC,8.942028985507246
1582,MSP,GEG,9.127118644067796
1583,MSP,MSO,8.442622950819672
1584,MSP,CVG,11.693181818181818
1585,MSP,BOI,7.337078651685394
1586,MSP,FSD,16.12727272727273
1587,MSP,MSN,4.957264957264957
1588,MSP,GRR,14.694915254237289
1589,MSP,MDW,15.379970544918999
1590,MSP,DLH,5.232758620689655
1591,MSP,FAR,9.940298507462687
1592,MSP,BIL,4.82089552238806
1593,MSP,BZN,11.5
1594,MSP,FNT,7.0
1595,MSP,ATW,9.287671232876713
1596,MSP,DIK,3.8425925925925926
1597,MSP,GRB,11.85064935064935
1598,MSP,MOT,13.627659574468085
1599,MSP,ISN,16.63425925925926
1600,MSP,XNA,5.833333333333333
1601,MSP,RAP,14.427586206896551
1602,MSP,LAN,13.614583333333334
1603,MSP,SBN,18.688524590163933
1604,MSP,BMI,19.58695652173913
1605,MSP,CID,10.023809523809524
1606,MSP,MLI,3.1363636363636362
1607,MSP,LNK,6.277777777777778
1608,MSP,AZO,10.148148148148149
1609,MSP,MBS,0.4
1610,MSP,TTN,91.6
1611,MSP,ASE,40.45454545454545
1612,MSP,LSE,6.416666666666667
1613,MSP,BIS,10.857142857142858
1614,MSP,RST,15.474358974358974
1615,MSP,BRD,6.772277227722772
1616,MSP,INL,8.875
1617,MSP,ABR,19.6
1618,MSP,IMT,25.220338983050848
1619,MSP,RHI,13.608333333333333
1620,MSP,BJI,9.292682926829269
1621,MSP,HIB,6.412371134020619
1622,MSP,GFK,17.86
1623,MSP,FCA,1.3333333333333333
1624,BWI,MSY,12.23076923076923
1625,BWI,FLL,12.58904109589041
1626,BWI,PHL,7.666666666666667
1627,BWI,PHX,13.489539748953975
1628,BWI,TPA,9.973474801061007
1629,BWI,BNA,13.047021943573668
1630,BWI,EWR,17.166666666666668
1631,BWI,DTW,10.65034965034965
1632,BWI,IND,10.54320987654321
1633,BWI,BDL,15.938837920489297
1634,BWI,CMH,8.707207207207206
1635,BWI,PIT,6.831325301204819
1636,BWI,JAX,15.391061452513966
1637,BWI,SAT,13.427272727272728
1638,BWI,SLC,9.33974358974359
1639,BWI,BHM,12.0
1640,BWI,LIT,14.784313725490197
1641,BWI,ABQ,16.016129032258064
1642,BWI,DAY,14.159509202453988
1643,BWI,MCI,15.055045871559633
1644,BWI,MKE,13.168067226890756
1645,BWI,ORF,15.096045197740112
1646,BWI,OKC,13.580645161290322
1647,BWI,HOU,10.728915662650602
1648,BWI,OAK,16.5
1649,BWI,PWM,11.755905511811024
1650,BWI,ROC,11.166666666666666
1651,BWI,CHS,10.35672514619883
1652,BWI,BUF,14.729452054794521
1653,BWI,PVD,14.277936962750717
1654,BWI,GRR,12.919642857142858
1655,BWI,MDW,12.74447949526814
1656,BWI,MHT,10.144736842105264
1657,BWI,SDF,8.149068322981366
1658,BWI,FNT,8.633802816901408
1659,BWI,ECP,18.6
1660,BWI,ALB,11.760504201680673
1661,BWI,DAL,12.403225806451612
1662,BWI,GSP,13.790322580645162
1663,BWI,ISP,13.809917355371901
1664,MSY,FLL,11.131147540983607
1665,MSY,PHL,9.05
1666,MSY,PHX,7.5396825396825395
1667,MSY,TPA,7.367816091954023
1668,MSY,BNA,7.098214285714286
1669,MSY,EWR,10.116788321167883
1670,MSY,DTW,10.00561797752809
1671,MSY,SLC,5.360655737704918
1672,MSY,MCI,6.467741935483871
1673,MSY,MKE,0.125
1674,MSY,HOU,7.078947368421052
1675,MSY,MDW,15.907692307692308
1676,MSY,DAL,9.38562091503268
1677,FLL,PHL,10.240196078431373
1678,FLL,PHX,10.107954545454545
1679,FLL,TPA,7.509803921568627
1680,FLL,BNA,6.603053435114504
1681,FLL,EWR,12.508771929824562
1682,FLL,DTW,8.505219206680584
1683,FLL,IND,5.4
1684,FLL,BDL,12.186528497409327
1685,FLL,CMH,15.508196721311476
1686,FLL,PIT,11.045454545454545
1687,FLL,JAX,6.19672131147541
1688,FLL,RIC,13.704918032786885
1689,FLL,MCI,17.177419354838708
1690,FLL,MKE,6.1909090909090905
1691,FLL,HOU,11.846774193548388
1692,FLL,STT,23.032258064516128
1693,FLL,HPN,13.521739130434783
1694,FLL,BQN,12.461538461538462
1695,FLL,ORH,14.574074074074074
1696,FLL,SWF,6.107142857142857
1697,FLL,BUF,13.313868613138686
1698,FLL,PVD,11.508982035928144
1699,FLL,CVG,5.291666666666667
1700,FLL,MDW,14.56701030927835
1701,FLL,MYR,13.112903225806452
1702,FLL,ALB,5.3283582089552235
1703,FLL,DAL,9.28225806451613
1704,FLL,TTN,27.192307692307693
1705,FLL,ACY,12.92896174863388
1706,FLL,LBE,12.5
1707,FLL,PBG,11.933333333333334
1708,FLL,IAG,10.135593220338983
1709,FLL,ISP,9.209677419354838
1710,RNO,PHX,8.297101449275363
1711,RNO,SLC,3.3579545454545454
1712,RNO,MDW,6.625
1713,PHL,PHX,13.77751756440281
1714,PHL,TPA,17.95045045045045
1715,PHL,BNA,13.245283018867925
1716,PHL,DTW,10.166666666666666
1717,PHL,IND,12.0
1718,PHL,PIT,8.248520710059172
1719,PHL,JAX,2.183673469387755
1720,PHL,SAT,26.416666666666668
1721,PHL,SLC,12.609756097560975
1722,PHL,STT,17.71153846153846
1723,PHL,MDW,15.897610921501707
1724,PHX,TPA,8.583783783783783
1725,PHX,BNA,15.560344827586206
1726,PHX,EWR,17.918635170603675
1727,PHX,SJC,9.74
1728,PHX,DTW,11.40547263681592
1729,PHX,IND,10.460526315789474
1730,PHX,TUL,17.931623931623932
1731,PHX,CMH,12.768361581920903
1732,PHX,PIT,6.758426966292135
1733,PHX,PSP,7.748322147651007
1734,PHX,SMF,9.175531914893616
1735,PHX,SAT,12.767045454545455
1736,PHX,SLC,8.440147329650092
1737,PHX,ELP,13.043478260869565
1738,PHX,TUS,5.568181818181818
1739,PHX,LIT,10.548387096774194
1740,PHX,ABQ,10.234375
1741,PHX,MCI,12.678466076696164
1742,PHX,FAT,8.851239669421487
1743,PHX,MKE,9.758620689655173
1744,PHX,OKC,14.094827586206897
1745,PHX,HOU,14.391836734693877
1746,PHX,KOA,5.478260869565218
1747,PHX,LIH,11.545454545454545
1748,PHX,ANC,3.272727272727273
1749,PHX,GEG,6.358208955223881
1750,PHX,OAK,10.261437908496733
1751,PHX,BUR,11.289552238805971
1752,PHX,BUF,8.442622950819672
1753,PHX,CVG,21.444444444444443
1754,PHX,BOI,9.407216494845361
1755,PHX,MDW,13.873949579831933
1756,PHX,MHT,1.0
1757,PHX,SDF,9.612903225806452
1758,PHX,DAL,13.096774193548388
1759,PHX,MTJ,11.666666666666666
1760,PHX,GJT,5.366666666666666
1761,PHX,SBA,5.896739130434782
1762,PHX,DRO,3.393939393939394
1763,PHX,BFL,8.538461538461538
1764,PHX,SBP,5.305194805194805
1765,PHX,MRY,6.484848484848484
1766,PHX,FLG,9.960573476702509
1767,PHX,YUM,9.006079027355623
1768,TPA,BNA,11.228070175438596
1769,TPA,EWR,16.458923512747877
1770,TPA,DTW,9.127167630057803
1771,TPA,IND,9.18705035971223
1772,TPA,BDL,11.182320441988951
1773,TPA,CMH,8.348484848484848
1774,TPA,PIT,10.991803278688524
1775,TPA,SAT,10.444444444444445
1776,TPA,BHM,11.46551724137931
1777,TPA,MCI,6.774193548387097
1778,TPA,MKE,9.92436974789916
1779,TPA,HOU,12.03763440860215
1780,TPA,HPN,8.87719298245614
1781,TPA,ROC,9.612903225806452
1782,TPA,BUF,9.170731707317072
1783,TPA,PVD,13.232142857142858
1784,TPA,CVG,1.411764705882353
1785,TPA,GRR,5.333333333333333
1786,TPA,MDW,10.3109243697479
1787,TPA,MHT,7.426470588235294
1788,TPA,SDF,9.014285714285714
1789,TPA,FNT,8.774193548387096
1790,TPA,CAK,4.919354838709677
1791,TPA,ALB,13.212121212121213
1792,TPA,DAL,9.112903225806452
1793,TPA,TTN,43.25
1794,TPA,ILG,38.333333333333336
1795,TPA,ACY,6.758064516129032
1796,TPA,LBE,12.88888888888889
1797,TPA,ISP,11.052631578947368
1798,BNA,EWR,12.746031746031745
1799,BNA,DTW,13.256493506493506
1800,BNA,CMH,13.432432432432432
1801,BNA,PIT,8.03225806451613
1802,BNA,JAX,15.96923076923077
1803,BNA,SAT,11.672566371681416
1804,BNA,SLC,13.0
1805,BNA,MCI,8.188235294117646
1806,BNA,HOU,10.103139013452914
1807,BNA,CHS,6.0
1808,BNA,CVG,10.527472527472527
1809,BNA,MDW,13.564179104477612
1810,BNA,ECP,6.412698412698413
1811,BNA,PNS,14.072463768115941
1812,BNA,DAL,7.524193548387097
1813,BNA,TTN,12.5
1814,EWR,DTW,16.904665314401623
1815,EWR,IND,9.737991266375547
1816,EWR,TUL,28.428571428571427
1817,EWR,BDL,9.125
1818,EWR,CMH,14.51685393258427
1819,EWR,PIT,3.056338028169014
1820,EWR,JAX,15.977099236641221
1821,EWR,SAT,43.5
1822,EWR,SLC,7.7
1823,EWR,DSM,69.75
1824,EWR,RIC,21.52980132450331
1825,EWR,DAY,13.42156862745098
1826,EWR,MCI,13.601307189542483
1827,EWR,MKE,8.726666666666667
1828,EWR,ORF,14.688888888888888
1829,EWR,HOU,17.27659574468085
1830,EWR,STT,27.394736842105264
1831,EWR,SYR,4.9
1832,EWR,BQN,31.068181818181817
1833,EWR,PWM,8.9
1834,EWR,BTV,30.46153846153846
1835,EWR,ROC,8.066666666666666
1836,EWR,CHS,15.168
1837,EWR,BUF,14.333333333333334
1838,EWR,SAV,19.84285714285714
1839,EWR,PVD,7.303030303030303
1840,EWR,CVG,11.616438356164384
1841,EWR,MSN,18.074074074074073
1842,EWR,GRR,8.28735632183908
1843,EWR,MDW,16.666666666666668
1844,EWR,GSO,14.16891891891892
1845,EWR,BZN,43.07142857142857
1846,EWR,MHT,5.574712643678161
1847,EWR,TYS,13.06
1848,EWR,SDF,7.576086956521739
1849,EWR,ALB,34.666666666666664
1850,EWR,AVL,34.7
1851,EWR,GSP,12.217821782178218
1852,EWR,MTJ,34.0
1853,EWR,XNA,8.953488372093023
1854,EWR,SBN,26.30188679245283
1855,SJC,SLC,4.8006230529595015
1856,SJC,KOA,33.38461538461539
1857,SJC,LIH,9.555555555555555
1858,SJC,BUR,7.878116343490305
1859,SJC,MDW,24.183333333333334
1860,DTW,IND,11.102564102564102
1861,DTW,TUL,1.8148148148148149
1862,DTW,BDL,10.359375
1863,DTW,CMH,2.5
1864,DTW,PIT,13.376470588235295
1865,DTW,JAX,18.755555555555556
1866,DTW,SAT,12.935779816513762
1867,DTW,SLC,8.322448979591837
1868,DTW,DSM,7.961538461538462
1869,DTW,BHM,10.964285714285714
1870,DTW,LIT,9.882352941176471
1871,DTW,RIC,7.813725490196078
1872,DTW,DAY,15.557692307692308
1873,DTW,MCI,10.930131004366812
1874,DTW,MKE,13.202572347266882
1875,DTW,ORF,17.854545454545455
1876,DTW,OKC,15.961538461538462
1877,DTW,HPN,30.0
1878,DTW,PWM,45.0
1879,DTW,BTV,16.00662251655629
1880,DTW,ROC,13.3125
1881,DTW,BUF,10.649122807017545
1882,DTW,SAV,13.666666666666666
1883,DTW,SRQ,53.5
1884,DTW,PVD,12.105263157894736
1885,DTW,CVG,12.52
1886,DTW,MSN,6.657407407407407
1887,DTW,GRR,17.331967213114755
1888,DTW,MDW,16.088757396449704
1889,DTW,GSO,7.637362637362638
1890,DTW,MHT,9.958333333333334
1891,DTW,AVP,13.06
1892,DTW,SDF,0.5
1893,DTW,HSV,7.0
1894,DTW,CAK,15.323529411764707
1895,DTW,LEX,14.441558441558442
1896,DTW,ALB,3.1538461538461537
1897,DTW,GSP,14.074074074074074
1898,DTW,ATW,10.32876712328767
1899,DTW,MDT,8.515723270440251
1900,DTW,GRB,31.74074074074074
1901,DTW,LAN,19.835714285714285
1902,DTW,SBN,20.486910994764397
1903,DTW,ERI,20.05426356589147
1904,DTW,ELM,13.335
1905,DTW,ABE,10.272058823529411
1906,DTW,CHA,9.416666666666666
1907,DTW,CID,13.80503144654088
1908,DTW,TVC,26.54794520547945
1909,DTW,MLI,12.457627118644067
1910,DTW,SCE,1.0
1911,DTW,PIA,13.542372881355933
1912,DTW,AZO,22.686567164179106
1913,DTW,MBS,17.155844155844157
1914,DTW,EVV,9.068027210884354
1915,DTW,TTN,112.5
1916,DTW,FWA,18.09090909090909
1917,DTW,APN,29.939393939393938
1918,DTW,PLN,16.34020618556701
1919,DTW,ESC,22.422680412371133
1920,DTW,CIU,16.49122807017544
1921,IND,MCI,13.2
1922,IND,HOU,12.084507042253522
1923,IND,TTN,18.5
1924,TUL,SLC,3.849056603773585
1925,TUL,HOU,15.089285714285714
1926,TUL,MDW,6.166666666666667
1927,TUL,DAL,10.56140350877193
1928,BDL,MDW,10.620967741935484
1929,CMH,MDW,11.48339483394834
1930,COS,SLC,10.009174311926605
1931,PIT,HOU,12.907407407407407
1932,PIT,MDW,10.243636363636364
1933,PSP,SLC,15.453846153846154
1934,SMF,SLC,8.893617021276595
1935,SMF,BUR,7.779569892473118
1936,SMF,LGB,7.473684210526316
1937,SMF,MDW,10.758064516129032
1938,JAX,HOU,14.96774193548387
1939,JAX,MDW,20.60655737704918
1940,SAT,SLC,12.164179104477611
1941,SAT,ELP,12.151785714285714
1942,SAT,HOU,7.279352226720648
1943,SAT,MDW,12.427272727272728
1944,SAT,DAL,8.085561497326204
1945,SLC,TUS,3.4114285714285715
1946,SLC,DSM,13.833333333333334
1947,SLC,ABQ,3.13855421686747
1948,SLC,MCI,3.0352941176470587
1949,SLC,FAT,7.049180327868853
1950,SLC,OKC,7.0
1951,SLC,GEG,12.808823529411764
1952,SLC,OAK,8.162162162162161
1953,SLC,BUR,5.23015873015873
1954,SLC,LGB,6.255696202531645
1955,SLC,MSO,2.4057971014492754
1956,SLC,CVG,9.602941176470589
1957,SLC,BOI,5.025862068965517
1958,SLC,MSN,10.88888888888889
1959,SLC,MDW,11.069767441860465
1960,SLC,FAR,3.4375
1961,SLC,BIL,2.7731958762886597
1962,SLC,BZN,5.724719101123596
1963,SLC,GJT,1.4649122807017543
1964,SLC,RAP,8.701754385964913
1965,SLC,IDA,6.741525423728813
1966,SLC,EKO,2.6639344262295084
1967,SLC,PIH,16.966666666666665
1968,SLC,MFR,8.833333333333334
1969,SLC,RKS,1.7586206896551724
1970,SLC,CNY,0.5185185185185185
1971,SLC,VEL,8.11
1972,SLC,BTM,0.7058823529411765
1973,SLC,SGU,4.025974025974026
1974,SLC,RDM,4.489583333333333
1975,SLC,LWS,0.5566037735849056
1976,SLC,EUG,7.214285714285714
1977,SLC,HLN,3.0063694267515926
1978,SLC,GTF,6.871794871794871
1979,SLC,CPR,1.3454545454545455
1980,SLC,PSC,5.75
1981,SLC,GCC,5.467741935483871
1982,SLC,COD,2.7049180327868854
1983,SLC,FCA,5.413793103448276
1984,SLC,SUN,4.398305084745763
1985,SLC,TWF,1.2946428571428572
1986,SLC,CDC,5.39622641509434
1987,ELP,HOU,9.95679012345679
1988,ELP,DAL,9.131004366812228
1989,TUS,MDW,6.983870967741935
1990,DSM,MDW,15.301724137931034
1991,BHM,HOU,9.981132075471699
1992,BHM,MDW,12.772727272727273
1993,BHM,DAL,10.801242236024844
1994,LIT,MDW,5.9491525423728815
1995,LIT,DAL,11.94054054054054
1996,RIC,CAE,190.0
1997,ABQ,MCI,16.314814814814813
1998,ABQ,HOU,11.742857142857142
1999,ABQ,OAK,9.198275862068966
2000,ABQ,MDW,11.513274336283185
2001,ABQ,DAL,15.76206896551724
2002,MCI,MKE,5.314814814814815
2003,MCI,HOU,10.10909090909091
2004,MCI,OAK,57.9
2005,MCI,MDW,11.585480093676814
2006,MCI,DAL,10.497448979591837
2007,MKE,CVG,6.551020408163265
2008,MKE,TTN,2.25
2009,ORF,MDW,24.444444444444443
2010,ICT,MDW,11.74757281553398
2011,ICT,DAL,7.527777777777778
2012,OKC,HOU,9.870535714285714
2013,OKC,MDW,11.014492753623188
2014,OKC,DAL,8.412429378531073
2015,HOU,OAK,12.727272727272727
2016,HOU,CHS,11.080645161290322
2017,HOU,MDW,13.058020477815699
2018,HOU,ECP,6.612903225806452
2019,HOU,PNS,9.403225806451612
2020,HOU,DAL,8.287917737789202
2021,HOU,GSP,12.518518518518519
2022,HOU,CRP,6.02262443438914
2023,HOU,HRL,6.189473684210526
2024,HOU,MAF,9.248826291079812
2025,KOA,ANC,2.210526315789474
2026,KOA,OAK,14.166666666666666
2027,LIH,OAK,0.15384615384615385
2028,ANC,FAI,10.782608695652174
2029,ANC,SCC,7.375
2030,ANC,BRW,9.571428571428571
2031,ANC,JNU,9.196531791907516
2032,ANC,BET,5.8
2033,ANC,OTZ,10.206521739130435
2034,ANC,ADK,2.1666666666666665
2035,ANC,OME,4.438202247191011
2036,ANC,CDV,7.2
2037,ANC,ADQ,5.172413793103448
2038,GEG,OAK,15.148148148148149
2039,GEG,BOI,14.158878504672897
2040,OAK,BUR,8.318385650224215
2041,OAK,LGB,6.27027027027027
2042,OAK,BOI,9.556451612903226
2043,OAK,MDW,13.512195121951219
2044,OAK,DAL,8.865384615384615
2045,FAI,BRW,21.838709677419356
2046,SCC,BRW,13.884615384615385
2047,JNU,KTN,8.583333333333334
2048,JNU,SIT,8.116666666666667
2049,JNU,PSG,28.016129032258064
2050,JNU,YAK,6.5423728813559325
2051,KTN,SIT,5.4
2052,KTN,WRG,15.066666666666666
2053,WRG,PSG,20.639344262295083
2054,OTZ,OME,11.241379310344827
2055,ROC,MDW,17.227272727272727
2056,CHS,MDW,14.049180327868852
2057,BUF,MDW,15.11111111111111
2058,PVD,MDW,9.483333333333333
2059,MSO,BTM,151.0
2060,CVG,MSN,10.7
2061,CVG,GRR,4.5375
2062,CVG,TTN,44.833333333333336
2063,MDW,MHT,13.256198347107437
2064,MDW,SDF,9.848484848484848
2065,MDW,ALB,12.681034482758621
2066,MDW,DAL,13.32409972299169
2067,MDW,GSP,15.857142857142858
2068,MDW,TTN,11.214285714285714
2069,FAR,JMS,76.0
2070,MYR,ACY,8.087719298245613
2071,DAL,LBB,5.194945848375451
2072,DAL,AMA,9.083333333333334
2073,DAL,MAF,10.121771217712178
2074,CRP,HRL,206.0
2075,MEI,PIB,16.096385542168676
2076,TTN,UST,9.26923076923077
2077,RKS,GCC,1.7222222222222223
2078,INL,HIB,15.685185185185185
2079,IMT,RHI,31.28846153846154
2080,JMS,DVL,37.921875
2081,CDV,YAK,6.833333333333333
